title,price,rating
A Light in the ...,£51.77,3
Tipping the Velvet,£53.74,1
Soumission,£50.10,1
Sharp Objects,£47.82,4
Sapiens: A Brief History ...,£54.23,5
The Requiem Red,£22.65,1
The Dirty Little Secrets ...,£33.34,4
The Coming Woman: A ...,£17.93,3
The Boys in the ...,£22.60,4
The Black Maria,£52.15,1
Starving Hearts (Triangular Trade ...,£13.99,2
Shakespeare's Sonnets,£20.66,4
Set Me Free,£17.46,5
Scott Pilgrim's Precious Little ...,£52.29,5
Rip it Up and ...,£35.02,5
Our Band Could Be ...,£57.25,3
Olio,£23.88,1
Mesaerion: The Best Science ...,£37.59,1
Libertarianism for Beginners,£51.33,2
It's Only the Himalayas,£45.17,2
In Her Wake,£12.84,1
How Music Works,£37.32,2
Foolproof Preserving: A Guide ...,£30.52,3
Chase Me (Paris Nights ...,£25.27,5
Black Dust,£34.53,5
Birdsong: A Story in ...,£54.64,3
America's Cradle of Quarterbacks: ...,£22.50,3
Aladdin and His Wonderful ...,£53.13,3
Worlds Elsewhere: Journeys Around ...,£40.30,5
Wall and Piece,£44.18,4
The Four Agreements: A ...,£17.66,5
The Five Love Languages: ...,£31.05,3
The Elephant Tree,£23.82,5
The Bear and the ...,£36.89,1
Sophie's World,£15.94,5
Penny Maybe,£33.29,3
Maude (1883-1993):She Grew Up ...,£18.02,2
"In a Dark, Dark ...",£19.63,1
Behind Closed Doors,£52.22,4
You can't bury them ...,£33.63,2
Slow States of Collapse: ...,£57.31,3
Reasons to Stay Alive,£26.41,2
Private Paris (Private #10),£47.61,5
#HigherSelfie: Wake Up Your ...,£23.11,5
Without Borders (Wanderlove #1),£45.07,2
When We Collided,£31.77,1
"We Love You, Charlie ...",£50.27,5
Untitled Collection: Sabbath Poems ...,£14.27,4
Unseen City: The Majesty ...,£44.18,4
Unicorn Tracks,£18.78,3
Unbound: How Eight Technologies ...,£25.52,1
Tsubasa: WoRLD CHRoNiCLE 2 ...,£16.28,1
Throwing Rocks at the ...,£31.12,3
This One Summer,£19.49,4
Thirst,£17.27,5
The Torch Is Passed: ...,£19.09,1
The Secret of Dreadwillow ...,£56.13,1
The Pioneer Woman Cooks: ...,£56.41,1
The Past Never Ends,£56.50,4
The Natural History of ...,£45.22,3
The Nameless City (The ...,£38.16,4
The Murder That Never ...,£54.11,3
The Most Perfect Thing: ...,£42.96,4
The Mindfulness and Acceptance ...,£23.89,4
The Life-Changing Magic of ...,£16.77,3
The Inefficiency Assassin: Time ...,£20.59,5
The Gutsy Girl: Escapades ...,£37.13,1
The Electric Pencil: Drawings ...,£56.06,1
The Death of Humanity: ...,£58.11,4
The Bulletproof Diet: Lose ...,£49.05,3
The Art Forger,£40.76,3
The Age of Genius: ...,£19.73,1
The Activist's Tao Te ...,£32.24,5
Spark Joy: An Illustrated ...,£41.83,4
Soul Reader,£39.58,2
Security,£39.25,2
"Saga, Volume 6 (Saga ...",£25.02,3
"Saga, Volume 5 (Saga ...",£51.04,2
Reskilling America: Learning to ...,£19.83,2
"Rat Queens, Vol. 3: ...",£50.40,3
"Princess Jellyfish 2-in-1 Omnibus, ...",£13.61,5
Princess Between Worlds (Wide-Awake ...,£13.34,5
"Pop Gun War, Volume ...",£18.97,1
"Political Suicide: Missteps, Peccadilloes, ...",£36.28,2
Patience,£10.16,3
"Outcast, Vol. 1: A ...",£15.44,4
orange: The Complete Collection ...,£48.41,1
Online Marketing for Busy ...,£46.35,1
On a Midnight Clear,£14.07,3
Obsidian (Lux #1),£14.86,2
My Paris Kitchen: Recipes ...,£33.37,2
Masks and Shadows,£56.40,2
Mama Tried: Traditional Italian ...,£14.02,4
"Lumberjanes, Vol. 2: Friendship ...",£46.91,2
"Lumberjanes, Vol. 1: Beware ...",£45.61,3
Lumberjanes Vol. 3: A ...,£19.92,2
"Layered: Baking, Building, and ...",£40.11,1
Judo: Seven Steps to ...,£53.90,2
Join,£35.67,5
In the Country We ...,£22.00,4
Immunity: How Elie Metchnikoff ...,£57.36,5
"I Hate Fairyland, Vol. ...",£29.17,2
I am a Hero ...,£54.63,3
How to Be Miserable: ...,£46.03,1
Her Backup Boyfriend (The ...,£33.97,1
"Giant Days, Vol. 2 ...",£22.11,2
Forever and Forever: The ...,£29.69,3
First and First (Five ...,£15.97,4
Fifty Shades Darker (Fifty ...,£21.96,1
Everydata: The Misinformation Hidden ...,£54.35,2
Don't Be a Jerk: ...,£37.97,2
Danganronpa Volume 1,£51.99,4
Crown of Midnight (Throne ...,£43.29,3
"Codename Baboushka, Volume 1: ...",£36.72,4
Camp Midnight,£17.08,4
Call the Nurse: True ...,£29.14,5
Burning,£28.81,3
Bossypants,£49.46,2
"Bitch Planet, Vol. 1: ...",£37.92,2
Avatar: The Last Airbender: ...,£28.09,2
Algorithms to Live By: ...,£30.81,1
A World of Flavor: ...,£42.95,1
"A Piece of Sky, ...",£56.76,5
A Murder in Time,£16.64,1
A Flight of Arrows ...,£55.53,5
A Fierce and Subtle ...,£28.13,4
A Court of Thorns ...,£52.37,1
(Un)Qualified: How God Uses ...,£54.00,5
You Are What You ...,£21.87,4
William Shakespeare's Star Wars: ...,£43.30,4
Tuesday Nights in 1980,£21.04,2
Tracing Numbers on a ...,£41.60,3
Throne of Glass (Throne ...,£35.07,3
Thomas Jefferson and the ...,£59.64,1
Thirteen Reasons Why,£52.72,1
The White Cat and ...,£58.08,4
The Wedding Dress,£24.12,1
The Vacationers,£42.15,4
The Third Wave: An ...,£12.61,5
The Stranger,£17.44,4
The Shadow Hero (The ...,£33.14,1
The Secret (The Secret ...,£27.37,4
The Regional Office Is ...,£51.36,5
The Psychopath Test: A ...,£36.00,2
The Project,£10.65,1
The Power of Now: ...,£43.54,2
The Omnivore's Dilemma: A ...,£38.21,2
The Nerdy Nummies Cookbook: ...,£37.34,5
The Murder of Roger ...,£44.10,4
The Mistake (Off-Campus #2),£43.29,3
The Matchmaker's Playbook (Wingmen ...,£55.85,1
The Love and Lemons ...,£37.60,2
The Long Shadow of ...,£10.97,1
The Kite Runner,£41.82,4
The House by the ...,£36.95,1
The Glittering Court (The ...,£44.28,1
The Girl on the ...,£55.02,2
The Genius of Birds,£17.24,1
The Emerald Mystery,£23.15,2
The Cookies & Cups ...,£41.25,1
The Bridge to Consciousness: ...,£32.00,3
The Artist's Way: A ...,£38.49,5
The Art of War,£33.34,5
The Argonauts,£10.93,2
The 10% Entrepreneur: Live ...,£27.55,3
Suddenly in Love (Lake ...,£55.99,2
Something More Than This,£16.24,4
Soft Apocalypse,£26.12,2
So You've Been Publicly ...,£12.23,2
Shoe Dog: A Memoir ...,£23.99,2
"Shobu Samurai, Project Aryoku ...",£29.06,3
Secrets and Lace (Fatal ...,£20.27,1
Scarlett Epstein Hates It ...,£43.55,5
Romero and Juliet: A ...,£36.94,1
Redeeming Love,£20.47,5
Poses for Artists Volume ...,£41.06,1
Poems That Make Grown ...,£14.19,4
"Nightingale, Sing",£38.28,1
Night Sky with Exit ...,£41.05,1
Mrs. Houdini,£30.25,5
Modern Romance,£28.26,5
Miss Peregrine’s Home for ...,£10.76,1
Louisa: The Extraordinary Life ...,£16.85,2
Little Red,£13.47,3
Library of Souls (Miss ...,£48.56,5
Large Print Heart of ...,£19.15,2
I Had a Nice ...,£57.36,4
Hollow City (Miss Peregrine’s ...,£42.98,1
Grumbles,£22.16,2
Full Moon over Noah’s ...,£49.43,4
Frostbite (Vampire Academy #2),£29.99,5
Follow You Home,£21.36,1
First Steps for New ...,£29.00,1
Finders Keepers (Bill Hodges ...,£53.53,5
"Fables, Vol. 1: Legends ...",£41.62,4
Eureka Trivia 6.0,£54.59,4
Drive: The Surprising Truth ...,£34.95,4
Done Rubbed Out (Reightman ...,£37.72,5
Doing It Over (Most ...,£35.61,3
Deliciously Ella Every Day: ...,£42.16,3
Dark Notes,£19.19,5
Daring Greatly: How the ...,£19.43,3
Close to You,£49.46,4
Chasing Heaven: What Dying ...,£37.80,2
Big Magic: Creative Living ...,£30.80,3
Becoming Wise: An Inquiry ...,£27.43,2
Beauty Restored (Riley Family ...,£11.11,2
Batman: The Long Halloween ...,£36.50,2
Batman: The Dark Knight ...,£15.38,5
Ayumi's Violin,£15.48,2
Anonymous,£46.82,4
Amy Meets the Saints ...,£18.46,3
Amid the Chaos,£36.58,1
Amatus,£50.54,5
Agnostic: A Spirited Manifesto,£12.51,5
Zealot: The Life and ...,£24.70,3
You (You #1),£43.61,5
"Wonder Woman: Earth One, ...",£37.34,4
Wild Swans,£14.36,2
Why the Right Went ...,£52.65,4
Whole Lotta Creativity Going ...,£38.20,4
What's It Like in ...,£19.60,2
"We Are Robin, Vol. ...",£53.90,1
Walt Disney's Alice in ...,£12.96,5
V for Vendetta (V ...,£37.10,4
Until Friday Night (The ...,£46.31,2
Unbroken: A World War ...,£45.95,2
Twenty Yawns,£22.08,2
Through the Woods,£25.38,2
This Is Where It ...,£27.12,2
The Year of Magical ...,£43.04,2
The Wright Brothers,£56.80,4
The White Queen (The ...,£25.91,5
The Wedding Pact (The ...,£32.61,3
The Time Keeper,£27.88,5
The Testament of Mary,£52.67,4
The Star-Touched Queen,£46.02,5
The Songs of the ...,£44.48,5
The Song of Achilles,£37.40,5
The Rosie Project (Don ...,£54.04,1
The Power of Habit: ...,£16.88,3
The Marriage of Opposites,£28.08,4
The Lucifer Effect: Understanding ...,£10.40,1
The Long Haul (Diary ...,£44.07,1
The Loney,£23.40,1
The Literature Book (Big ...,£17.43,3
The Last Mile (Amos ...,£54.21,2
The Immortal Life of ...,£40.67,2
The Hidden Oracle (The ...,£52.26,2
The Help Yourself Cookbook ...,£28.77,3
The Guilty (Will Robie ...,£13.82,2
The First Hostage (J.B. ...,£25.85,3
The Dovekeepers,£48.78,1
The Darkest Lie,£35.35,5
The Bane Chronicles (The ...,£44.73,4
The Bad-Ass Librarians of ...,£15.77,1
The 14th Colony (Cotton ...,£39.24,1
That Darkness (Gardiner and ...,£13.92,1
Tastes Like Fear (DI ...,£10.69,1
Take Me with You,£45.21,3
Swell: A Year of ...,£45.58,1
Superman Vol. 1: Before ...,£11.89,5
Still Life with Bread ...,£26.41,3
Steve Jobs,£39.50,5
Sorting the Beef from ...,£44.74,4
Someone Like You (The ...,£52.79,5
"So Cute It Hurts!!, ...",£35.43,4
Shtum,£55.84,4
See America: A Celebration ...,£48.87,3
salt.,£46.78,4
Robin War,£47.82,3
"Red Hood/Arsenal, Vol. 1: ...",£25.48,2
Rain Fish,£23.57,3
Quarter Life Poetry: Poems ...,£50.89,5
Pet Sematary,£10.56,3
"Overload: How to Unplug, ...",£52.15,3
Once Was a Time,£18.28,2
Old School (Diary of ...,£11.83,5
No Dream Is Too ...,£21.95,2
"Naruto (3-in-1 Edition), Vol. ...",£38.39,2
My Name Is Lucy ...,£41.56,1
My Mrs. Brown,£24.48,3
My Kind of Crazy,£40.36,1
Mr. Mercedes (Bill Hodges ...,£28.90,1
More Than Music (Chasing ...,£37.61,2
Made to Stick: Why ...,£38.85,5
Luis Paints the World,£53.95,3
Luckiest Girl Alive,£49.83,3
Lowriders to the Center ...,£51.51,2
Love Is a Mix ...,£18.03,1
Looking for Lovely: Collecting ...,£29.14,5
Living Leadership by Insight: ...,£46.91,4
Let It Out: A ...,£26.79,5
Lady Midnight (The Dark ...,£16.28,5
"It's All Easy: Healthy, ...",£19.55,1
Island of Dragons (Unwanteds ...,£29.65,1
I Know What I'm ...,£25.98,4
I Am Pilgrim (Pilgrim ...,£10.60,4
Hyperbole and a Half: ...,£14.75,5
"Hush, Hush (Hush, Hush ...",£47.02,3
Hold Your Breath (Search ...,£28.82,1
Hamilton: The Revolution,£58.79,3
Greek Mythic History,£10.23,5
God: The Most Unpleasant ...,£30.03,5
Glory over Everything: Beyond ...,£45.84,3
Feathers: Displays of Brilliant ...,£49.05,3
Far & Away: Places ...,£15.06,4
Every Last Word,£46.47,3
Eligible (The Austen Project ...,£27.09,3
El Deafo,£57.62,5
Eight Hundred Grapes,£14.39,4
Eaternity: More than 150 ...,£51.75,5
"Eat Fat, Get Thin",£54.07,2
Don't Get Caught,£55.35,1
Doctor Sleep (The Shining ...,£40.12,2
Demigods & Magicians: Percy ...,£37.51,5
Dear Mr. Knightley,£11.21,5
Daily Fantasy Sports,£36.58,1
Crazy Love: Overwhelmed by ...,£47.72,2
Cometh the Hour (The ...,£25.01,3
Code Name Verity (Code ...,£22.13,4
Clockwork Angel (The Infernal ...,£44.14,1
City of Glass (The ...,£56.02,4
City of Fallen Angels ...,£11.23,4
City of Bones (The ...,£43.28,1
City of Ashes (The ...,£47.27,1
Cell,£20.29,4
Catching Jordan (Hundred Oaks),£50.83,3
"Carry On, Warrior: Thoughts ...",£31.85,3
Carrie,£46.23,2
Buying In: The Secret ...,£37.80,4
Brain on Fire: My ...,£49.32,5
Batman: Europa,£32.01,2
Barefoot Contessa Back to ...,£28.01,1
Barefoot Contessa at Home: ...,£50.62,5
Balloon Animals,£17.03,3
Art Ops Vol. 1,£48.80,3
Aristotle and Dante Discover ...,£58.14,4
Angels Walking (Angels Walking ...,£34.20,2
Angels & Demons (Robert ...,£51.48,3
All the Light We ...,£29.87,5
Adulthood Is a Myth: ...,£10.90,2
Abstract City,£56.37,5
A Time of Torment ...,£48.35,5
A Study in Scarlet ...,£16.73,2
A Series of Catastrophes ...,£56.48,2
A People's History of ...,£40.79,2
A Man Called Ove,£39.72,1
A Distant Mirror: The ...,£14.58,3
A Brush of Wings ...,£55.51,1
1491: New Revelations of ...,£21.80,3
"The Three Searches, Meaning, ...",£13.33,3
Searching for Meaning in ...,£38.73,1
Rook,£37.86,4
My Kitchen Year: 136 ...,£11.53,2
13 Hours: The Inside ...,£27.06,1
Will You Won't You ...,£13.86,3
Tipping Point for Planet ...,£37.55,1
The Star-Touched Queen,£32.30,5
The Silent Sister (Riley ...,£46.29,5
The Midnight Watch: A ...,£26.20,1
The Lonely City: Adventures ...,£33.26,2
The Gray Rhino: How ...,£59.15,4
The Golden Condom: And ...,£39.43,1
The Epidemic (The Program ...,£14.44,5
The Dinner Party,£56.54,2
The Diary of a ...,£59.90,3
The Children,£11.88,3
Stars Above (The Lunar ...,£48.05,2
Snatched: How A Drug ...,£21.21,3
Raspberry Pi Electronics Projects ...,£49.67,4
Quench Your Own Thirst: ...,£43.14,1
Psycho: Sanitarium (Psycho #1.5),£36.97,5
Poisonous (Max Revere Novels ...,£26.80,3
One with You (Crossfire ...,£15.71,4
No Love Allowed (Dodge ...,£54.65,4
Murder at the 42nd ...,£54.36,4
Most Wanted,£35.28,3
"Love, Lies and Spies",£20.55,2
How to Speak Golf: ...,£58.32,5
Hide Away (Eve Duncan ...,£11.84,1
Furiously Happy: A Funny ...,£41.46,4
Everyday Italian: 125 Simple ...,£20.10,5
Equal Is Unfair: America's ...,£56.86,1
Eleanor & Park,£56.51,5
Dirty (Dive Bar #1),£40.83,4
Can You Keep a ...,£48.64,1
Boar Island (Anna Pigeon ...,£59.48,3
A Paris Apartment,£39.01,4
A la Mode: 120 ...,£38.77,1
Troublemaker: Surviving Hollywood and ...,£48.39,2
The Widow,£27.26,2
The Sleep Revolution: Transforming ...,£11.68,4
The Improbability of Love,£59.45,1
The Art of Startup ...,£21.00,3
Take Me Home Tonight ...,£53.98,3
Sleeping Giants (Themis Files ...,£48.74,1
Setting the World on ...,£21.15,2
Playing with Fire,£13.71,3
Off the Hook (Fishing ...,£47.67,3
Mothering Sunday,£13.34,2
"Mother, Can You Not?",£16.89,5
M Train,£27.18,1
Lilac Girls,£17.28,2
Lies and Other Acts ...,£45.14,1
Lab Girl,£40.85,1
Keep Me Posted,£20.46,4
It Didn't Start with ...,£56.27,3
Grey (Fifty Shades #4),£48.49,4
"Exit, Pursued by a ...",£51.34,4
Daredevils,£16.34,3
Cravings: Recipes for What ...,£20.50,3
Born for This: How ...,£21.59,5
Arena,£21.36,4
Adultery,£20.88,5
A Mother's Reckoning: Living ...,£19.53,3
A Gentleman's Position (Society ...,£14.75,5
11/22/63,£48.48,3
10% Happier: How I ...,£24.57,2
10-Day Green Smoothie Cleanse: ...,£49.71,5
Without Shame,£48.27,5
Watchmen,£58.05,4
Unlimited Intuition Now,£58.87,4
Underlying Notes,£11.82,2
The Shack,£28.03,1
The New Brand You: ...,£44.05,5
The Moosewood Cookbook: Recipes ...,£12.34,4
The Flowers Lied,£16.68,2
The Fabric of the ...,£55.91,1
The Book of Mormon,£24.57,3
The Art and Science ...,£52.98,5
The Alien Club,£54.40,1
Suzie Snowflake: One beautiful ...,£54.81,5
Nap-a-Roo,£25.08,1
NaNo What Now? Finding ...,£10.41,4
Modern Day Fables,£47.44,2
If I Gave You ...,£20.91,1
"Fruits Basket, Vol. 9 ...",£33.95,4
Dress Your Family in ...,£43.68,3
Don't Forget Steven,£33.23,1
Chernobyl 01:23:40: The Incredible ...,£35.92,2
Art and Fear: Observations ...,£48.63,4
A Shard of Ice ...,£56.63,3
A Hero's Curse (The ...,£50.49,3
23 Degrees South: A ...,£35.79,2
Zero to One: Notes ...,£34.06,3
Why Not Me?,£17.76,1
When Breath Becomes Air,£39.36,2
Vagabonding: An Uncommon Guide ...,£36.94,2
The Unlikely Pilgrimage of ...,£43.62,5
The New Drawing on ...,£43.02,3
"The Midnight Assassin: Panic, ...",£28.45,4
The Martian (The Martian ...,£41.39,2
The High Mountains of ...,£51.15,1
The Grownup,£35.88,1
The E-Myth Revisited: Why ...,£36.91,1
South of Sunshine,£28.93,1
Smarter Faster Better: The ...,£38.89,5
Silence in the Dark ...,£58.33,3
Shadows of the Past ...,£39.67,5
Roller Girl,£14.10,5
Rising Strong,£21.82,3
Proofs of God: Classical ...,£54.21,1
Please Kill Me: The ...,£31.19,4
Out of Print: City ...,£53.64,5
My Life Next Door ...,£36.39,5
Miller's Valley,£58.54,2
Man's Search for Meaning,£29.48,3
Love That Boy: What ...,£25.06,2
Living Forward: A Proven ...,£12.55,3
Les Fleurs du Mal,£29.04,5
Left Behind (Left Behind ...,£40.72,2
Kill 'Em and Leave: ...,£45.05,5
Kierkegaard: A Christian Missionary ...,£47.13,1
John Vassos: Industrial Design ...,£20.22,4
I'll Give You the ...,£56.48,1
I Will Find You,£44.21,1
Hystopia: A Novel,£21.96,4
Howl and Other Poems,£40.45,2
History of Beauty,£10.29,4
Heaven is for Real: ...,£52.86,2
Future Shock (Future Shock ...,£55.65,5
Ender's Game (The Ender ...,£43.64,1
Diary of a Citizen ...,£28.41,1
Death by Leisure: A ...,£37.51,4
Brilliant Beacons: A History ...,£11.45,3
Brazen: The Courage to ...,£19.22,2
Between the World and ...,£56.91,4
Being Mortal: Medicine and ...,£55.06,4
A Murder Over a ...,£13.20,3
32 Yolks,£53.63,2
"""Most Blessed of the ...",£44.48,5
You Are a Badass: ...,£12.08,3
Wildlife of New York: ...,£22.14,2
What Happened on Beale ...,£25.37,5
Unreasonable Hope: Finding Faith ...,£46.33,2
Under the Tuscan Sun,£37.33,3
Toddlers Are A**holes: It's ...,£25.55,1
The Year of Living ...,£34.72,1
The Whale,£35.96,4
The Story of Art,£41.14,4
The Origin of Species,£10.01,4
The Great Gatsby,£36.05,4
The Good Girl,£49.03,3
The Glass Castle,£16.24,1
The Faith of Christopher ...,£39.55,1
The Drowning Girls,£35.67,3
The Constant Princess (The ...,£16.62,3
The Bourne Identity (Jason ...,£42.78,4
The Bachelor Girl's Guide ...,£52.30,5
The Art Book,£32.34,2
The 7 Habits of ...,£33.17,4
Team of Rivals: The ...,£20.12,5
Steal Like an Artist: ...,£20.90,2
"Sit, Stay, Love",£20.90,3
Sister Dear,£40.20,4
"Shrunken Treasures: Literary Classics, ...",£52.87,3
"Rich Dad, Poor Dad",£51.74,1
Raymie Nightingale,£34.41,2
Playing from the Heart,£32.38,1
Nightstruck: A Novel,£50.35,4
Naturally Lean: 125 Nourishing ...,£11.38,5
Meternity,£43.58,3
Memoirs of a Geisha,£49.67,3
Like Never Before (Walker ...,£28.77,2
Life of Pi,£13.22,4
Leave This Song Behind: ...,£51.17,5
King's Folly (The Kinsman ...,£39.61,5
John Adams,£57.43,4
How to Cook Everything ...,£46.01,4
How to Be a ...,£28.25,2
Good in Bed (Cannie ...,£37.05,5
"Fruits Basket, Vol. 7 ...",£19.57,1
For the Love: Fighting ...,£45.13,3
Finding God in the ...,£46.64,2
Every Heart a Doorway ...,£12.16,5
Delivering the Truth (Quaker ...,£20.89,4
Counted With the Stars ...,£17.97,5
"Chronicles, Vol. 1",£52.60,2
Blue Like Jazz: Nonreligious ...,£25.77,1
Benjamin Franklin: An American ...,£48.19,3
At The Existentialist Café: ...,£29.93,5
A Summer In Europe,£44.34,2
A Short History of ...,£52.40,5
A Gathering of Shadows ...,£44.81,4
The Sound Of Love,£57.84,5
The Rise and Fall ...,£39.67,2
The Perks of Being ...,£55.02,3
The Mysterious Affair at ...,£24.80,4
The Man Who Mistook ...,£59.45,4
The Makings of a ...,£31.58,2
The Joy of Cooking,£43.27,4
The Invention of Wings,£37.34,1
The Hobbit (Middle-Earth Universe),£17.80,5
The Great Railway Bazaar,£30.54,1
The Golden Compass (His ...,£18.77,1
The God Delusion,£46.85,3
The Girl You Left ...,£15.79,1
The Fellowship of the ...,£10.27,2
The Collected Poems of ...,£15.42,5
The Barefoot Contessa Cookbook,£59.92,5
Tell the Wolves I'm ...,£50.96,2
Ship Leaves Harbor: Essays ...,£30.60,3
Pride and Prejudice,£19.27,4
Musicophilia: Tales of Music ...,£46.58,1
Mere Christianity,£48.51,3
Me Before You (Me ...,£19.02,1
In the Woods (Dublin ...,£38.38,2
In Cold Blood,£49.98,4
How to Stop Worrying ...,£46.49,5
Give It Back,£18.32,2
"Girl, Interrupted",£42.14,3
Fun Home: A Family ...,£56.59,4
"Fruits Basket, Vol. 6 ...",£20.96,4
Deception Point,£40.32,4
"Death Note, Vol. 6: ...",£36.39,3
Catherine the Great: Portrait ...,£58.55,4
Better Homes and Gardens ...,£39.61,3
An Unquiet Mind: A ...,£21.30,3
A Year in Provence ...,£56.88,4
World Without End (The ...,£32.97,4
"Will Grayson, Will Grayson ...",£47.31,4
Why Save the Bankers?: ...,£48.67,2
Where She Went (If ...,£41.73,4
What If?: Serious Scientific ...,£53.68,4
Two Summers,£14.64,1
This Is Your Brain ...,£38.40,1
The Secret Garden,£15.08,4
The Raven King (The ...,£30.57,2
The Raven Boys (The ...,£57.74,4
The Power Greens Cookbook: ...,£11.05,5
The Metamorphosis,£28.58,1
The Mathews Men: Seven ...,£42.91,5
The Little Paris Bookshop,£24.73,3
The Hiding Place,£55.91,4
The Grand Design,£13.76,3
The Firm,£45.56,3
The Fault in Our ...,£47.22,1
The False Prince (The ...,£56.00,5
The Expatriates,£44.58,2
The Dream Thieves (The ...,£34.50,1
The Darkest Corners,£11.33,5
The Crossover,£38.77,4
The 5th Wave (The ...,£11.83,2
Tell the Wind and ...,£45.51,3
Tell Me Three Things,£41.81,1
Talking to Girls About ...,£25.15,4
Siddhartha,£34.22,5
Shiver (The Wolves of ...,£16.23,5
Remember Me?,£11.48,3
Red Dragon (Hannibal Lecter ...,£23.37,3
Peak: Secrets from the ...,£16.28,2
My Mother Was Nuts,£31.63,4
Mexican Today: New and ...,£24.91,5
Maybe Something Beautiful: How ...,£22.54,1
Lola and the Boy ...,£23.63,4
Logan Kade (Fallen Crest ...,£13.12,2
Last One Home (New ...,£59.98,3
Killing Floor (Jack Reacher ...,£31.49,4
Kill the Boy Band,£15.52,5
Isla and the Happily ...,£48.13,5
If I Stay (If ...,£38.13,5
I Know Why the ...,£36.55,2
Harry Potter and the ...,£23.32,1
"Fruits Basket, Vol. 5 ...",£16.33,1
Foundation (Foundation (Publication Order) ...,£32.42,1
Fool Me Once,£16.96,1
Find Her (Detective D.D. ...,£22.37,1
Evicted: Poverty and Profit ...,£42.27,1
Drama,£38.70,2
Dracula the Un-Dead,£35.63,5
Digital Fortress,£58.00,5
"Death Note, Vol. 5: ...",£52.41,1
"Data, A Love Story: ...",£32.35,3
Critique of Pure Reason,£20.75,1
Booked,£17.49,5
"Blue Lily, Lily Blue ...",£34.13,5
Approval Junkie: Adventures in ...,£58.81,5
An Abundance of Katherines,£10.00,5
America's War for the ...,£51.22,2
Alight (The Generations Trilogy ...,£58.59,4
A Girl's Guide to ...,£31.30,1
A Game of Thrones ...,£46.42,2
A Feast for Crows ...,£17.21,4
A Clash of Kings ...,£10.79,3
Vogue Colors A to ...,£52.35,4
The Shining (The Shining ...,£27.88,3
The Pilgrim's Progress,£50.26,2
The Perfect Play (Play ...,£59.99,3
The Passion of Dolssa,£28.32,5
The Jazz of Physics: ...,£38.71,3
The Hunger Games (The ...,£29.85,5
The Hound of the ...,£14.82,2
The Gunning of America: ...,£16.81,4
The Geography of Bliss: ...,£28.23,2
The Demonists (Demonist #1),£52.11,2
The Demon Prince of ...,£27.88,2
The Bone Hunters (Lexy ...,£59.71,3
The Beast (Black Dagger ...,£46.08,5
Some Women,£13.73,5
Shopaholic Ties the Knot ...,£48.39,5
Paper and Fire (The ...,£49.45,5
Outlander (Outlander #1),£19.67,5
Orchestra of Exiles: The ...,£12.36,3
No One Here Gets ...,£20.02,5
Night Shift (Night Shift ...,£12.75,4
Needful Things,£47.51,4
Mockingjay (The Hunger Games ...,£20.44,4
Misery,£34.79,2
Little Women (Little Women ...,£28.07,4
It,£25.01,3
Harry Potter and the ...,£13.90,3
Harry Potter and the ...,£24.17,4
Harry Potter and the ...,£31.63,4
Harry Potter and the ...,£48.75,5
Harry Potter and the ...,£14.74,1
Gone with the Wind,£32.49,3
God Is Not Great: ...,£27.80,1
Girl With a Pearl ...,£26.77,1
"Fruits Basket, Vol. 4 ...",£50.44,4
Far From True (Promise ...,£34.93,2
Dark Lover (Black Dagger ...,£12.87,1
Confessions of a Shopaholic ...,£48.94,2
Changing the Game (Play ...,£13.38,3
Candide,£58.63,3
Can You Keep a ...,£21.94,1
Atlas Shrugged,£26.58,5
Animal Farm,£57.22,3
A Walk to Remember,£56.43,1
A New Earth: Awakening ...,£55.65,5
A History of God: ...,£27.62,1
'Salem's Lot,£49.56,4
Zero History (Blue Ant ...,£34.77,1
Wuthering Heights,£17.73,3
World War Z: An ...,£21.80,1
Wild: From Lost to ...,£46.02,3
"Where'd You Go, Bernadette",£18.13,1
When You Are Engulfed ...,£30.89,5
We the People: The ...,£31.95,3
We Are All Completely ...,£24.04,1
Walk the Edge (Thunder ...,£32.36,3
Voyager (Outlander #3),£21.07,5
Very Good Lives: The ...,£50.66,3
Vegan Vegetarian Omnivore: Dinner ...,£13.66,2
"Unstuffed: Decluttering Your Home, ...",£58.09,1
Under the Banner of ...,£30.00,1
Two Boys Kissing,£32.74,2
Twilight (Twilight #1),£41.93,2
Twenties Girl,£42.80,2
Trespassing Across America: One ...,£53.51,1
Three-Martini Lunch,£23.21,3
"Thinking, Fast and Slow",£21.14,1
The Wild Robot,£56.07,3
The Wicked + The ...,£14.41,3
The Undomestic Goddess,£45.75,4
The Travelers,£15.77,1
The Tipping Point: How ...,£10.02,2
The Thing About Jellyfish,£48.77,1
The Stand,£57.86,2
The Smitten Kitchen Cookbook,£23.59,1
The Silkworm (Cormoran Strike ...,£23.05,5
"The Sandman, Vol. 3: ...",£55.55,5
The Rose & the ...,£58.64,4
The Road to Little ...,£23.21,1
The Rise of Theodore ...,£42.57,3
The Restaurant at the ...,£10.92,1
The Rest Is Noise: ...,£34.77,1
The Red Tent,£35.66,5
The Purpose Driven Life: ...,£37.19,3
The Purest Hook (Second ...,£12.25,1
The Picture of Dorian ...,£29.70,2
The Paris Wife,£36.80,3
The Obsession,£45.43,1
The Nightingale,£26.26,4
The New Guy (and ...,£44.92,3
The Nanny Diaries (Nanny ...,£52.53,5
The Name of God ...,£37.25,2
The Maze Runner (The ...,£20.93,1
The Lover's Dictionary,£58.09,2
The Lonely Ones,£43.59,5
The Lean Startup: How ...,£33.92,3
The Last Painting of ...,£55.55,2
"The Land of 10,000 ...",£29.64,4
The Infinities,£27.41,1
The Husband's Secret,£52.51,5
The Hitchhiker's Guide to ...,£47.80,3
The Guns of August,£14.54,2
The Guernsey Literary and ...,£49.53,1
The Goldfinch,£43.58,3
The Giver (The Giver ...,£12.30,1
The Girl with All ...,£49.47,3
The Girl Who Played ...,£22.14,2
The Girl Who Kicked ...,£57.48,1
The Exiled,£43.45,3
The End of Faith: ...,£22.13,4
"The Elegant Universe: Superstrings, ...",£13.03,4
The Disappearing Spoon: And ...,£57.35,5
The Devil Wears Prada ...,£44.29,1
The Demon-Haunted World: Science ...,£52.25,4
The Day the Crayons ...,£26.33,5
The Da Vinci Code ...,£22.96,2
The Cuckoo's Calling (Cormoran ...,£19.21,1
The Complete Stories and ...,£26.78,4
The Complete Poems,£41.32,5
The Catcher in the ...,£24.55,1
The Cat in the ...,£16.26,2
The Case for Christ ...,£47.84,1
The Book Thief,£53.49,2
The Book of Basketball: ...,£44.84,5
The Blind Side: Evolution ...,£53.71,5
The Autobiography of Malcolm ...,£23.43,2
The Art of Simple ...,£34.32,3
The Art of Fielding,£22.10,1
"Surely You're Joking, Mr. ...",£25.83,2
Stiff: The Curious Lives ...,£36.74,3
Spilled Milk: Based on ...,£49.51,1
Something Borrowed (Darcy & ...,£48.96,5
Something Blue (Darcy & ...,£54.62,1
Soldier (Talon #3),£24.72,2
Shopaholic & Baby (Shopaholic ...,£46.45,2
Seven Days in the ...,£52.33,2
Seven Brief Lessons on ...,£30.60,4
Scarlet (The Lunar Chronicles ...,£14.57,4
Sarah's Key,£46.29,1
"Saga, Volume 3 (Saga ...",£21.57,5
Running with Scissors,£12.91,4
Rogue Lawyer (Rogue Lawyer ...,£50.11,3
Rise of the Rocket ...,£41.67,4
Rework,£44.88,2
Reservations for Two,£11.10,3
Red: The True Story ...,£28.54,3
Ready Player One,£19.07,4
Quiet: The Power of ...,£43.55,1
Prodigy: The Graphic Novel ...,£43.63,3
Persepolis: The Story of ...,£39.13,1
Packing for Mars: The ...,£56.68,2
Outliers: The Story of ...,£14.16,1
Original Fake,£31.45,3
Orange Is the New ...,£24.61,2
One for the Money ...,£32.87,2
Notes from a Small ...,£40.17,1
Night (The Night Trilogy ...,£13.51,1
Neither Here nor There: ...,£38.95,3
Naked,£31.69,3
Morning Star (Red Rising ...,£29.40,1
Miracles from Heaven: A ...,£57.83,1
Midnight Riot (Peter Grant/ ...,£55.46,2
Me Talk Pretty One ...,£57.60,2
Manuscript Found in Accra,£34.98,2
Lust & Wonder,£11.87,2
Lila (Gilead #3),£12.47,3
"Life, the Universe and ...",£33.26,2
Life Without a Recipe,£59.04,5
Life After Life,£26.13,2
Letter to a Christian ...,£22.20,1
Let's Pretend This Never ...,£45.11,1
Legend (Legend #1),£43.69,4
"Lean In: Women, Work, ...",£25.02,1
Lamb: The Gospel According ...,£55.50,5
Lady Renegades (Rebel Belle ...,£53.04,5
Jurassic Park (Jurassic Park ...,£44.97,1
It's Never Too Late ...,£42.38,1
Is Everyone Hanging Out ...,£20.11,3
Into the Wild,£56.70,5
Inferno (Robert Langdon #4),£41.00,5
In the Garden of ...,£28.85,3
If I Run (If ...,£49.97,4
I've Got Your Number,£19.69,1
I Am Malala: The ...,£28.88,2
Hungry Girl Clean & ...,£33.14,3
House of Lost Worlds: ...,£43.70,2
House of Leaves,£54.89,1
Horrible Bear!,£37.52,2
Holidays on Ice,£51.07,2
Heir to the Sky,£44.07,4
Green Eggs and Ham ...,£10.79,4
"Grayson, Vol 3: Nemesis ...",£42.72,1
Gratitude,£26.66,5
Gone Girl,£37.60,5
Golden (Heart of Dread ...,£42.21,4
Girl in the Blue ...,£46.83,2
"Fruits Basket, Vol. 3 ...",£45.17,2
Friday Night Lights: A ...,£51.22,3
Fire Bound (Sea Haven/Sisters ...,£21.28,4
Fifty Shades Freed (Fifty ...,£15.36,5
Fellside,£38.62,1
Extreme Prey (Lucas Davenport ...,£25.40,3
Eragon (The Inheritance Cycle ...,£43.87,3
Eclipse (Twilight #3),£18.74,1
Dune (Dune #1),£54.86,1
Dracula,£52.62,3
Do Androids Dream of ...,£51.48,1
Disrupted: My Misadventure in ...,£15.28,5
Dead Wake: The Last ...,£39.24,5
"David and Goliath: Underdogs, ...",£17.81,1
Darkfever (Fever #1),£56.02,1
Dark Places,£23.90,5
Crazy Rich Asians (Crazy ...,£49.13,5
Counting Thyme,£10.62,1
Cosmos,£36.17,2
Civilization and Its Discontents,£59.95,2
Cinder (The Lunar Chronicles ...,£26.09,1
Catastrophic Happiness: Finding Joy ...,£37.35,2
Career of Evil (Cormoran ...,£24.72,2
Breaking Dawn (Twilight #4),£35.28,5
Brave Enough,£51.32,5
Boy Meets Boy,£21.12,3
Born to Run: A ...,£27.35,2
Blink: The Power of ...,£21.74,5
Black Flags: The Rise ...,£40.87,1
"Black Butler, Vol. 1 ...",£49.31,1
Big Little Lies,£22.11,1
Between Shades of Gray,£20.79,5
Best of My Love ...,£27.41,2
Beowulf,£38.35,2
Beautiful Creatures (Caster Chronicles ...,£21.55,5
Awkward,£38.02,2
Ash,£22.06,4
Are We There Yet?,£10.66,3
Are We Smart Enough ...,£56.58,1
Annie on My Mind,£36.83,5
And Then There Were ...,£35.01,2
A Walk in the ...,£30.48,4
A Visit from the ...,£14.08,5
A Storm of Swords ...,£31.22,2
A Heartbreaking Work of ...,£54.29,5
8 Keys to Mental ...,£31.04,1
#GIRLBOSS,£50.96,1
The Suffragettes (Little Black ...,£11.89,2
The Sense of an ...,£31.38,3
"The Sandman, Vol. 2: ...",£54.81,1
The Course of Love,£16.78,3
Sugar Rush (Offensive Line ...,£24.42,1
"Saga, Volume 2 (Saga ...",£11.75,3
"Run, Spot, Run: The ...",£20.02,1
New Moon (Twilight #2),£12.86,4
Life,£31.58,5
Kindle Paperwhite User's Guide,£34.00,3
H is for Hawk,£57.42,5
Girl Online On Tour ...,£53.47,1
"Fruits Basket, Vol. 2 ...",£11.64,5
Diary of a Minecraft ...,£52.88,4
"Y: The Last Man, ...",£18.51,4
While You Were Mine,£41.32,5
Where Lightning Strikes (Bleeding ...,£39.77,3
When I'm Gone,£51.96,3
Ways of Seeing,£39.51,5
"Vampire Knight, Vol. 1 ...",£15.40,1
Vampire Girl (Vampire Girl ...,£53.82,2
Twenty Love Poems and ...,£30.95,4
Travels with Charley: In ...,£57.82,5
Three Wishes (River of ...,£44.18,2
This One Moment (Pushing ...,£48.71,1
The Zombie Room,£19.69,5
The Wicked + The ...,£36.52,2
The Tumor,£41.56,5
The Story of Hong ...,£43.19,4
The Silent Wife,£12.34,5
The Silent Twin (Detective ...,£36.25,3
The Selfish Gene,£29.45,1
The Secret Healer,£34.56,3
"The Sandman, Vol. 1: ...",£54.12,3
The Republic,£33.78,3
The Odyssey,£29.64,3
The No. 1 Ladies' ...,£57.70,4
The Nicomachean Ethics,£36.34,1
The Name of the ...,£50.59,3
The Mirror & the ...,£29.38,1
The Little Prince,£45.42,2
The Light of the ...,£54.43,1
The Last Girl (The ...,£36.26,2
The Iliad,£16.16,1
The Hook Up (Game ...,£36.29,5
The Haters,£27.89,5
The Girl You Lost,£12.29,5
The Girl In The ...,£15.85,3
The End of the ...,£14.40,1
The Edge of Reason ...,£19.18,4
The Complete Maus (Maus ...,£10.64,3
The Communist Manifesto,£14.76,3
The Bhagavad Gita,£57.49,3
The Bette Davis Club,£30.66,3
The Art of Not ...,£40.83,4
Taking Shots (Assassins #1),£18.88,2
Starlark,£25.83,3
"Skip Beat!, Vol. 01 ...",£42.12,3
Sister Sable (The Mad ...,£13.33,3
Shatter Me (Shatter Me ...,£42.40,1
Shameless,£58.35,3
Shadow Rites (Jane Yellowrock ...,£21.72,4
Settling the Score (The ...,£44.91,2
Sense and Sensibility,£37.46,1
"Saga, Volume 1 (Saga ...",£28.48,1
"Rhythm, Chord & Malykhin",£28.34,2
"Rat Queens, Vol. 1: ...",£46.96,5
Paradise Lost (Paradise #1),£24.96,1
"Paper Girls, Vol. 1 ...",£21.71,4
Ouran High School Host ...,£29.87,3
Origins (Alphas 0.5),£28.99,1
One Second (Seven #7),£52.94,2
On the Road (Duluoz ...,£32.36,3
Old Records Never Die: ...,£55.66,2
Off Sides (Off #1),£39.45,5
Of Mice and Men,£47.11,2
Myriad (Prentor #1),£58.75,4
My Perfect Mistake (Over ...,£38.92,2
"Ms. Marvel, Vol. 1: ...",£39.39,4
Meditations,£25.89,2
Matilda,£28.34,1
Lost Among the Living,£27.70,4
Lord of the Flies,£24.89,3
Listen to Me (Fusion ...,£58.99,3
Kitchens of the Great ...,£57.20,5
Jane Eyre,£38.43,5
Imperfect Harmony,£34.74,4
Icing (Aces Hockey #2),£40.44,4
"Hawkeye, Vol. 1: My ...",£45.24,3
Having the Barbarian's Baby ...,£34.96,4
"Giant Days, Vol. 1 ...",£56.76,4
"Fruits Basket, Vol. 1 ...",£40.28,5
Frankenstein,£38.00,2
Forever Rockers (The Rocker ...,£28.80,3
Fighting Fate (Fighting #6),£39.24,3
Emma,£32.93,2
"Eat, Pray, Love",£51.32,3
Deep Under (Walker Security ...,£47.09,5
Choosing Our Religion: The ...,£28.42,4
Charlie and the Chocolate ...,£22.85,3
Charity's Cross (Charles Towne ...,£41.24,1
Bright Lines,£39.07,5
Bridget Jones's Diary (Bridget ...,£29.82,1
Bounty (Colorado Mountain #7),£37.26,4
Blood Defense (Samantha Brinkman ...,£20.30,3
"Bleach, Vol. 1: Strawberry ...",£34.65,5
Beyond Good and Evil,£43.38,1
Alice in Wonderland (Alice's ...,£55.53,1
"Ajin: Demi-Human, Volume 1 ...",£57.06,4
A Spy's Devotion (The ...,£16.97,5
1st to Die (Women's ...,£53.98,1
"1,000 Places to See ...",£26.08,5
